<Emoticons version="1">
    <Group Title="默认" Path="default">
        <Emoticon ID="" Tag="[呵呵]" Text="[呵呵]" File="0.gif" />
        <Emoticon ID="" Tag="[嘻嘻]" Text="[嘻嘻]" File="1.gif" />
        <Emoticon ID="" Tag="[哈哈]" Text="[哈哈]" File="2.gif" />
        <Emoticon ID="" Tag="[爱你]" Text="[爱你]" File="3.gif" />
        <Emoticon ID="" Tag="[晕]" Text="[晕]" File="4.gif" />
        <Emoticon ID="" Tag="[泪]" Text="[泪]" File="5.gif" />
        <Emoticon ID="" Tag="[馋嘴]" Text="[馋嘴]" File="6.gif" />
        <Emoticon ID="" Tag="[抓狂]" Text="[抓狂]" File="7.gif" />
        <Emoticon ID="" Tag="[哼]" Text="[哼]" File="8.gif" />
        <Emoticon ID="" Tag="[可爱]" Text="[可爱]" File="9.gif" />
        <Emoticon ID="" Tag="[怒]" Text="[怒]" File="10.gif" />
        <Emoticon ID="" Tag="[汗]" Text="[汗]" File="11.gif" />
        <Emoticon ID="" Tag="[困]" Text="[困]" File="12.gif" />
        <Emoticon ID="" Tag="[害羞]" Text="[害羞]" File="13.gif" />
        <Emoticon ID="" Tag="[睡觉]" Text="[睡觉]" File="14.gif" />
        <Emoticon ID="" Tag="[钱]" Text="[钱]" File="15.gif" />
        <Emoticon ID="" Tag="[偷笑]" Text="[偷笑]" File="16.gif" />
        <Emoticon ID="" Tag="[酷]" Text="[酷]" File="17.gif" />
        <Emoticon ID="" Tag="[衰]" Text="[衰]" File="18.gif" />
        <Emoticon ID="" Tag="[吃惊]" Text="[吃惊]" File="19.gif" />
        <Emoticon ID="" Tag="[闭嘴]" Text="[闭嘴]" File="20.gif" />
        <Emoticon ID="" Tag="[鄙视]" Text="[鄙视]" File="21.gif" />
        <Emoticon ID="" Tag="[挖鼻屎]" Text="[挖鼻屎]" File="22.gif" />
        <Emoticon ID="" Tag="[花心]" Text="[花心]" File="23.gif" />
        <Emoticon ID="" Tag="[鼓掌]" Text="[鼓掌]" File="24.gif" />
        <Emoticon ID="" Tag="[失望]" Text="[失望]" File="25.gif" />
        <Emoticon ID="" Tag="[思考]" Text="[思考]" File="26.gif" />
        <Emoticon ID="" Tag="[生病]" Text="[生病]" File="27.gif" />
        <Emoticon ID="" Tag="[亲亲]" Text="[亲亲]" File="28.gif" />
        <Emoticon ID="" Tag="[怒骂]" Text="[怒骂]" File="29.gif" />
        <Emoticon ID="" Tag="[太开心]" Text="[太开心]" File="30.gif" />
        <Emoticon ID="" Tag="[懒得理你]" Text="[懒得理你]" File="31.gif" />
        <Emoticon ID="" Tag="[右哼哼]" Text="[右哼哼]" File="32.gif" />
        <Emoticon ID="" Tag="[左哼哼]" Text="[左哼哼]" File="33.gif" />
        <Emoticon ID="" Tag="[嘘]" Text="[嘘]" File="34.gif" />
        <Emoticon ID="" Tag="[委屈]" Text="[委屈]" File="35.gif" />
        <Emoticon ID="" Tag="[吐]" Text="[吐]" File="36.gif" />
        <Emoticon ID="" Tag="[可怜]" Text="[可怜]" File="37.gif" />
        <Emoticon ID="" Tag="[打哈气]" Text="[打哈气]" File="38.gif" />
        <Emoticon ID="" Tag="[做鬼脸]" Text="[做鬼脸]" File="39.gif" />
        <Emoticon ID="" Tag="[握手]" Text="[握手]" File="40.gif" />
        <Emoticon ID="" Tag="[耶]" Text="[耶]" File="41.gif" />
        <Emoticon ID="" Tag="[good]" Text="[good]" File="42.gif" />
        <Emoticon ID="" Tag="[弱]" Text="[弱]" File="43.gif" />
        <Emoticon ID="" Tag="[不要]" Text="[不要]" File="44.gif" />
        <Emoticon ID="" Tag="[ok]" Text="[ok]" File="45.gif" />
        <Emoticon ID="" Tag="[赞]" Text="[赞]" File="46.gif" />
        <Emoticon ID="" Tag="[来]" Text="[来]" File="47.gif" />
        <Emoticon ID="" Tag="[蛋糕]" Text="[蛋糕]" File="48.gif" />
        <Emoticon ID="" Tag="[心]" Text="[心]" File="49.gif" />
        <Emoticon ID="" Tag="[伤心]" Text="[伤心]" File="50.gif" />
        <Emoticon ID="" Tag="[钟]" Text="[钟]" File="51.gif" />
        <Emoticon ID="" Tag="[猪头]" Text="[猪头]" File="52.gif" />
        <Emoticon ID="" Tag="[咖啡]" Text="[咖啡]" File="53.gif" />
        <Emoticon ID="" Tag="[话筒]" Text="[话筒]" File="54.gif" />
        <Emoticon ID="" Tag="[干杯]" Text="[干杯]" File="55.gif" />
        <Emoticon ID="" Tag="[绿丝带]" Text="[绿丝带]" File="56.gif" />
        <Emoticon ID="" Tag="[蜡烛]" Text="[蜡烛]" File="57.gif" />
        <Emoticon ID="" Tag="[微风]" Text="[微风]" File="58.gif" />
        <Emoticon ID="" Tag="[月亮]" Text="[月亮]" File="59.gif" />
    </Group>
    <Group Title="心情" Path="default">
        <Emoticon ID="" Tag="[挤眼]" Text="[挤眼]" File="60.gif" />
        <Emoticon ID="" Tag="[亲亲]" Text="[亲亲]" File="61.gif" />
        <Emoticon ID="" Tag="[怒骂]" Text="[怒骂]" File="62.gif" />
        <Emoticon ID="" Tag="[太开心]" Text="[太开心]" File="63.gif" />
        <Emoticon ID="" Tag="[懒得理你]" Text="[懒得理你]" File="64.gif" />
        <Emoticon ID="" Tag="[打哈气]" Text="[打哈气]" File="65.gif" />
        <Emoticon ID="" Tag="[生病]" Text="[生病]" File="66.gif" />
        <Emoticon ID="" Tag="[书呆子]" Text="[书呆子]" File="67.gif" />
        <Emoticon ID="" Tag="[失望]" Text="[失望]" File="68.gif" />
        <Emoticon ID="" Tag="[可怜]" Text="[可怜]" File="69.gif" />
        <Emoticon ID="" Tag="[挖鼻屎]" Text="[挖鼻屎]" File="70.gif" />
        <Emoticon ID="" Tag="[黑线]" Text="[黑线]" File="71.gif" />
        <Emoticon ID="" Tag="[花心]" Text="[花心]" File="72.gif" />
        <Emoticon ID="" Tag="[可爱]" Text="[可爱]" File="73.gif" />
        <Emoticon ID="" Tag="[吐]" Text="[吐]" File="74.gif" />
        <Emoticon ID="" Tag="[委屈]" Text="[委屈]" File="75.gif" />
        <Emoticon ID="" Tag="[思考]" Text="[思考]" File="76.gif" />
        <Emoticon ID="" Tag="[哈哈]" Text="[哈哈]" File="77.gif" />
        <Emoticon ID="" Tag="[嘘]" Text="[嘘]" File="78.gif" />
        <Emoticon ID="" Tag="[右哼哼]" Text="[右哼哼]" File="79.gif" />
        <Emoticon ID="" Tag="[左哼哼]" Text="[左哼哼]" File="80.gif" />
        <Emoticon ID="" Tag="[疑问]" Text="[疑问]" File="81.gif" />
        <Emoticon ID="" Tag="[阴险]" Text="[阴险]" File="82.gif" />
        <Emoticon ID="" Tag="[做鬼脸]" Text="[做鬼脸]" File="83.gif" />
        <Emoticon ID="" Tag="[爱你]" Text="[爱你]" File="84.gif" />
        <Emoticon ID="" Tag="[馋嘴]" Text="[馋嘴]" File="85.gif" />
        <Emoticon ID="" Tag="[顶]" Text="[顶]" File="86.gif" />
        <Emoticon ID="" Tag="[钱]" Text="[钱]" File="87.gif" />
        <Emoticon ID="" Tag="[嘻嘻]" Text="[嘻嘻]" File="88.gif" />
        <Emoticon ID="" Tag="[汗]" Text="[汗]" File="89.gif" />
        <Emoticon ID="" Tag="[呵呵]" Text="[呵呵]" File="90.gif" />
        <Emoticon ID="" Tag="[睡觉]" Text="[睡觉]" File="91.gif" />
        <Emoticon ID="" Tag="[困]" Text="[困]" File="92.gif" />
        <Emoticon ID="" Tag="[害羞]" Text="[害羞]" File="93.gif" />
        <Emoticon ID="" Tag="[悲伤]" Text="[悲伤]" File="94.gif" />
        <Emoticon ID="" Tag="[鄙视]" Text="[鄙视]" File="95.gif" />
        <Emoticon ID="" Tag="[抱抱]" Text="[抱抱]" File="96.gif" />
        <Emoticon ID="" Tag="[拜拜]" Text="[拜拜]" File="97.gif" />
        <Emoticon ID="" Tag="[怒]" Text="[怒]" File="98.gif" />
        <Emoticon ID="" Tag="[吃惊]" Text="[吃惊]" File="99.gif" />
        <Emoticon ID="" Tag="[闭嘴]" Text="[闭嘴]" File="100.gif" />
        <Emoticon ID="" Tag="[泪]" Text="[泪]" File="101.gif" />
        <Emoticon ID="" Tag="[偷笑]" Text="[偷笑]" File="102.gif" />
        <Emoticon ID="" Tag="[哼]" Text="[哼]" File="103.gif" />
        <Emoticon ID="" Tag="[晕]" Text="[晕]" File="104.gif" />
        <Emoticon ID="" Tag="[衰]" Text="[衰]" File="105.gif" />
        <Emoticon ID="" Tag="[抓狂]" Text="[抓狂]" File="106.gif" />
        <Emoticon ID="" Tag="[愤怒]" Text="[愤怒]" File="107.gif" />
        <Emoticon ID="" Tag="[感冒]" Text="[感冒]" File="108.gif" />
        <Emoticon ID="" Tag="[鼓掌]" Text="[鼓掌]" File="109.gif" />
        <Emoticon ID="" Tag="[酷]" Text="[酷]" File="110.gif" />
        <Emoticon ID="" Tag="[来]" Text="[来]" File="111.gif" />
        <Emoticon ID="" Tag="[good]" Text="[good]" File="112.gif" />
        <Emoticon ID="" Tag="[haha]" Text="[haha]" File="113.gif" />
        <Emoticon ID="" Tag="[不要]" Text="[不要]" File="114.gif" />
        <Emoticon ID="" Tag="[ok]" Text="[ok]" File="115.gif" />
        <Emoticon ID="" Tag="[拳头]" Text="[拳头]" File="116.gif" />
        <Emoticon ID="" Tag="[弱]" Text="[弱]" File="117.gif" />
        <Emoticon ID="" Tag="[握手]" Text="[握手]" File="118.gif" />
        <Emoticon ID="" Tag="[赞]" Text="[赞]" File="119.gif" />
        <Emoticon ID="" Tag="[耶]" Text="[耶]" File="120.gif" />
        <Emoticon ID="" Tag="[最差]" Text="[最差]" File="121.gif" />
        <Emoticon ID="" Tag="[右抱抱]" Text="[右抱抱]" File="122.gif" />
        <Emoticon ID="" Tag="[左抱抱]" Text="[左抱抱]" File="123.gif" />
    </Group>
    <Group Title="休闲" Path="default">
        <Emoticon ID="" Tag="[大巴]" Text="[大巴]" File="124.gif" />
        <Emoticon ID="" Tag="[落叶]" Text="[落叶]" File="125.gif" />
        <Emoticon ID="" Tag="[火炬]" Text="[火炬]" File="126.gif" />
        <Emoticon ID="" Tag="[酒壶]" Text="[酒壶]" File="127.gif" />
        <Emoticon ID="" Tag="[月饼]" Text="[月饼]" File="128.gif" />
        <Emoticon ID="" Tag="[满月]" Text="[满月]" File="129.gif" />
        <Emoticon ID="" Tag="[飞机]" Text="[飞机]" File="130.gif" />
        <Emoticon ID="" Tag="[自行车]" Text="[自行车]" File="131.gif" />
        <Emoticon ID="" Tag="[药]" Text="[药]" File="132.gif" />
        <Emoticon ID="" Tag="[手纸]" Text="[手纸]" File="133.gif" />
        <Emoticon ID="" Tag="[手机]" Text="[手机]" File="134.gif" />
        <Emoticon ID="" Tag="[钻戒]" Text="[钻戒]" File="135.gif" />
        <Emoticon ID="" Tag="[巧克力]" Text="[巧克力]" File="136.gif" />
        <Emoticon ID="" Tag="[脚印]" Text="[脚印]" File="137.gif" />
        <Emoticon ID="" Tag="[汽车]" Text="[汽车]" File="138.gif" />
        <Emoticon ID="" Tag="[酒]" Text="[酒]" File="139.gif" />
        <Emoticon ID="" Tag="[狗]" Text="[狗]" File="140.gif" />
        <Emoticon ID="" Tag="[工作]" Text="[工作]" File="141.gif" />
        <Emoticon ID="" Tag="[档案]" Text="[档案]" File="142.gif" />
        <Emoticon ID="" Tag="[叶子]" Text="[叶子]" File="143.gif" />
        <Emoticon ID="" Tag="[钢琴]" Text="[钢琴]" File="144.gif" />
        <Emoticon ID="" Tag="[印迹]" Text="[印迹]" File="145.gif" />
        <Emoticon ID="" Tag="[电脑]" Text="[电脑]" File="146.gif" />
        <Emoticon ID="" Tag="[钻石]" Text="[钻石]" File="147.gif" />
        <Emoticon ID="" Tag="[钟]" Text="[钟]" File="148.gif" />
        <Emoticon ID="" Tag="[茶]" Text="[茶]" File="149.gif" />
        <Emoticon ID="" Tag="[照相机]" Text="[照相机]" File="150.gif" />
        <Emoticon ID="" Tag="[西瓜]" Text="[西瓜]" File="151.gif" />
        <Emoticon ID="" Tag="[雨伞]" Text="[雨伞]" File="152.gif" />
        <Emoticon ID="" Tag="[电视机]" Text="[电视机]" File="153.gif" />
        <Emoticon ID="" Tag="[电话]" Text="[电话]" File="154.gif" />
        <Emoticon ID="" Tag="[太阳]" Text="[太阳]" File="155.gif" />
        <Emoticon ID="" Tag="[星]" Text="[星]" File="156.gif" />
        <Emoticon ID="" Tag="[哨子]" Text="[哨子]" File="157.gif" />
        <Emoticon ID="" Tag="[话筒]" Text="[话筒]" File="158.gif" />
        <Emoticon ID="" Tag="[音乐]" Text="[音乐]" File="159.gif" />
        <Emoticon ID="" Tag="[电影]" Text="[电影]" File="160.gif" />
        <Emoticon ID="" Tag="[月亮]" Text="[月亮]" File="161.gif" />
        <Emoticon ID="" Tag="[唱歌]" Text="[唱歌]" File="162.gif" />
        <Emoticon ID="" Tag="[冰棍]" Text="[冰棍]" File="163.gif" />
        <Emoticon ID="" Tag="[房子]" Text="[房子]" File="164.gif" />
        <Emoticon ID="" Tag="[帽子]" Text="[帽子]" File="165.gif" />
        <Emoticon ID="" Tag="[足球]" Text="[足球]" File="166.gif" />
        <Emoticon ID="" Tag="[鲜花]" Text="[鲜花]" File="167.gif" />
        <Emoticon ID="" Tag="[花]" Text="[花]" File="168.gif" />
        <Emoticon ID="" Tag="[风扇]" Text="[风扇]" File="169.gif" />
        <Emoticon ID="" Tag="[干杯]" Text="[干杯]" File="170.gif" />
        <Emoticon ID="" Tag="[蛋糕]" Text="[蛋糕]" File="171.gif" />
        <Emoticon ID="" Tag="[咖啡]" Text="[咖啡]" File="172.gif" />
    </Group>
    <Group Title="搞怪" Path="default">
        <Emoticon ID="" Tag="[奥特曼]" Text="[奥特曼]" File="173.gif" />
        <Emoticon ID="" Tag="[囧]" Text="[囧]" File="174.gif" />
        <Emoticon ID="" Tag="[宅]" Text="[宅]" File="175.gif" />
        <Emoticon ID="" Tag="[扔鸡蛋]" Text="[扔鸡蛋]" File="176.gif" />
        <Emoticon ID="" Tag="[围观]" Text="[围观]" File="177.gif" />
        <Emoticon ID="" Tag="[威武]" Text="[威武]" File="178.gif" />
        <Emoticon ID="" Tag="[织]" Text="[织]" File="179.gif" />
        <Emoticon ID="" Tag="[orz]" Text="[orz]" File="180.gif" />
        <Emoticon ID="" Tag="[实习]" Text="[实习]" File="181.gif" />
        <Emoticon ID="" Tag="[小丑]" Text="[小丑]" File="182.gif" />
        <Emoticon ID="" Tag="[帅]" Text="[帅]" File="183.gif" />
        <Emoticon ID="" Tag="[猪头]" Text="[猪头]" File="184.gif" />
        <Emoticon ID="" Tag="[骷髅]" Text="[骷髅]" File="185.gif" />
        <Emoticon ID="" Tag="[便便]" Text="[便便]" File="186.gif" />
        <Emoticon ID="" Tag="[雪人]" Text="[雪人]" File="187.gif" />
        <Emoticon ID="" Tag="[热吻]" Text="[热吻]" File="188.gif" />
        <Emoticon ID="" Tag="[伤心]" Text="[伤心]" File="189.gif" />
        <Emoticon ID="" Tag="[黄牌]" Text="[黄牌]" File="190.gif" />
        <Emoticon ID="" Tag="[红牌]" Text="[红牌]" File="191.gif" />
        <Emoticon ID="" Tag="[跳舞花]" Text="[跳舞花]" File="192.gif" />
        <Emoticon ID="" Tag="[礼花]" Text="[礼花]" File="193.gif" />
        <Emoticon ID="" Tag="[打针]" Text="[打针]" File="194.gif" />
        <Emoticon ID="" Tag="[省略号]" Text="[省略号]" File="195.gif" />
        <Emoticon ID="" Tag="[叹号]" Text="[叹号]" File="196.gif" />
        <Emoticon ID="" Tag="[问号]" Text="[问号]" File="197.gif" />
        <Emoticon ID="" Tag="[句号]" Text="[句号]" File="198.gif" />
        <Emoticon ID="" Tag="[逗号]" Text="[逗号]" File="199.gif" />
        <Emoticon ID="" Tag="[1]" Text="[1]" File="200.gif" />
        <Emoticon ID="" Tag="[2]" Text="[2]" File="201.gif" />
        <Emoticon ID="" Tag="[3]" Text="[3]" File="202.gif" />
        <Emoticon ID="" Tag="[4]" Text="[4]" File="203.gif" />
        <Emoticon ID="" Tag="[5]" Text="[5]" File="204.gif" />
        <Emoticon ID="" Tag="[6]" Text="[6]" File="205.gif" />
        <Emoticon ID="" Tag="[7]" Text="[7]" File="206.gif" />
        <Emoticon ID="" Tag="[8]" Text="[8]" File="207.gif" />
        <Emoticon ID="" Tag="[9]" Text="[9]" File="208.gif" />
        <Emoticon ID="" Tag="[0]" Text="[0]" File="209.gif" />
        <Emoticon ID="" Tag="[闪]" Text="[闪]" File="210.gif" />
        <Emoticon ID="" Tag="[啦啦]" Text="[啦啦]" File="211.gif" />
        <Emoticon ID="" Tag="[吼吼]" Text="[吼吼]" File="212.gif" />
        <Emoticon ID="" Tag="[庆祝]" Text="[庆祝]" File="213.gif" />
        <Emoticon ID="" Tag="[嘿]" Text="[嘿]" File="214.gif" />
        <Emoticon ID="" Tag="[kiss]" Text="[kiss]" File="215.gif" />
        <Emoticon ID="" Tag="[圆]" Text="[圆]" File="216.gif" />
        <Emoticon ID="" Tag="[团]" Text="[团]" File="217.gif" />
        <Emoticon ID="" Tag="[团圆月饼]" Text="[团圆月饼]" File="218.gif" />
        <Emoticon ID="" Tag="[欢欢]" Text="[欢欢]" File="219.gif" />
        <Emoticon ID="" Tag="[乐乐]" Text="[乐乐]" File="220.gif" />
    </Group>
    <Group Title="牙牙" Path="default">
        <Emoticon ID="" Tag="[牙牙撒花]" Text="[牙牙撒花]" File="221.gif" />
        <Emoticon ID="" Tag="[牙牙尴尬]" Text="[牙牙尴尬]" File="222.gif" />
        <Emoticon ID="" Tag="[牙牙大笑]" Text="[牙牙大笑]" File="223.gif" />
        <Emoticon ID="" Tag="[牙牙组团]" Text="[牙牙组团]" File="224.gif" />
        <Emoticon ID="" Tag="[牙牙凄凉]" Text="[牙牙凄凉]" File="225.gif" />
        <Emoticon ID="" Tag="[牙牙吐血]" Text="[牙牙吐血]" File="226.gif" />
        <Emoticon ID="" Tag="[牙牙花痴]" Text="[牙牙花痴]" File="227.gif" />
        <Emoticon ID="" Tag="[牙牙疑问]" Text="[牙牙疑问]" File="228.gif" />
        <Emoticon ID="" Tag="[牙牙爱心]" Text="[牙牙爱心]" File="229.gif" />
        <Emoticon ID="" Tag="[牙牙害羞]" Text="[牙牙害羞]" File="230.gif" />
        <Emoticon ID="" Tag="[牙牙牙买碟]" Text="[牙牙牙买碟]" File="231.gif" />
        <Emoticon ID="" Tag="[牙牙亲一下]" Text="[牙牙亲一下]" File="232.gif" />
        <Emoticon ID="" Tag="[牙牙大哭]" Text="[牙牙大哭]" File="233.gif" />
        <Emoticon ID="" Tag="[牙牙愤怒]" Text="[牙牙愤怒]" File="234.gif" />
        <Emoticon ID="" Tag="[牙牙挖鼻屎]" Text="[牙牙挖鼻屎]" File="235.gif" />
        <Emoticon ID="" Tag="[牙牙嘻嘻]" Text="[牙牙嘻嘻]" File="236.gif" />
        <Emoticon ID="" Tag="[牙牙漂漂]" Text="[牙牙漂漂]" File="237.gif" />
        <Emoticon ID="" Tag="[牙牙冰冻]" Text="[牙牙冰冻]" File="238.gif" />
        <Emoticon ID="" Tag="[牙牙傲娇]" Text="[牙牙傲娇]" File="239.gif" />
    </Group>

</Emoticons>


